sha,date_kst,message,ci_run,ci_conclusion,url
05284c014cf840817a2e17353a3e26c976e3a262,2026-09-28T10:31:09+09:00,fix: update Lucky test API guard after PlayerProfile integration,94,success,https://github.com/tmdrkdtn1-project/lucky-girls-last-wall/commit/05284c014cf840817a2e17353a3e26c976e3a262
4655beb8272f30720dcb17343cec30d9c2c0b67c,2026-09-28T10:28:44+09:00,fix: sync Lucky rarity tests with V4_2 encyclopedia,93,failure,https://github.com/tmdrkdtn1-project/lucky-girls-last-wall/commit/4655beb8272f30720dcb17343cec30d9c2c0b67c
cce079ee0f5a57f4ccb6de0a29871141b179af20,2026-09-28T10:27:12+09:00,data: sync 20 hero rarities from V4_2 encyclopedia,92,failure,https://github.com/tmdrkdtn1-project/lucky-girls-last-wall/commit/cce079ee0f5a57f4ccb6de0a29871141b179af20
bac39975ae0b52337530012405921e7caa214dc0,2026-09-28T10:24:04+09:00,test: guard global hero summon uniqueness,91,failure,https://github.com/tmdrkdtn1-project/lucky-girls-last-wall/commit/bac39975ae0b52337530012405921e7caa214dc0
9b57fb2e21dfa4939bb77eccaae658f8e99d9b1a,2026-09-28T10:23:58+09:00,fix: block duplicate heroes in normal combo summons,90,failure,https://github.com/tmdrkdtn1-project/lucky-girls-last-wall/commit/9b57fb2e21dfa4939bb77eccaae658f8e99d9b1a
3fde01b1036f02995e148661932ec9f99229e366,2026-09-28T10:23:46+09:00,fix: update obsolete Lucky PlayerProfile test expectation,89,failure,https://github.com/tmdrkdtn1-project/lucky-girls-last-wall/commit/3fde01b1036f02995e148661932ec9f99229e366
7462a044fa753c0fe7ac8998716301c65eddf7b2,2026-09-28T10:21:38+09:00,test: guard unique Lucky free summon rules,88,failure,https://github.com/tmdrkdtn1-project/lucky-girls-last-wall/commit/7462a044fa753c0fe7ac8998716301c65eddf7b2
6a63eecaaba84fcd56a6abc9a3bdf4fb0bb8a079,2026-09-28T10:21:30+09:00,feat: enforce unique owned-hero Lucky free summons,87,failure,https://github.com/tmdrkdtn1-project/lucky-girls-last-wall/commit/6a63eecaaba84fcd56a6abc9a3bdf4fb0bb8a079
a3cfc0a3a95144487e1a99ba8ea3607ef2ce7ca3,2026-09-28T10:15:12+09:00,test: guard prototype profiles and hero skill unlocks,86,success,https://github.com/tmdrkdtn1-project/lucky-girls-last-wall/commit/a3cfc0a3a95144487e1a99ba8ea3607ef2ce7ca3
42214627dabb21c7e6807736807070c4126e29b1,2026-09-28T10:15:04+09:00,feat: add basic and master prototype profiles with skill unlock gates,85,success,https://github.com/tmdrkdtn1-project/lucky-girls-last-wall/commit/42214627dabb21c7e6807736807070c4126e29b1
6b8e4e19648149064e7154d8e7cfe522ebd35d63,2026-09-28T10:14:41+09:00,ui: style prototype profile lobby,84,success,https://github.com/tmdrkdtn1-project/lucky-girls-last-wall/commit/6b8e4e19648149064e7154d8e7cfe522ebd35d63
947720182420251e35941514084496f02346e575,2026-09-28T10:14:32+09:00,ui: add prototype profile and master setup lobby,83,success,https://github.com/tmdrkdtn1-project/lucky-girls-last-wall/commit/947720182420251e35941514084496f02346e575
9c6e1529be82ee96d5c7ce2c4ce7a5dc7f048027,2026-09-28T09:29:37+09:00,test: guard Lucky Roulette playable UI,82,success,https://github.com/tmdrkdtn1-project/lucky-girls-last-wall/commit/9c6e1529be82ee96d5c7ce2c4ce7a5dc7f048027
c1d364ce59d8501eb804fba3565109e8eddd230e,2026-09-28T09:29:22+09:00,feat: wire Lucky Roulette and midboss reward UI,81,success,https://github.com/tmdrkdtn1-project/lucky-girls-last-wall/commit/c1d364ce59d8501eb804fba3565109e8eddd230e
cf8c438f2a93475716714661210698d373438c3d,2026-09-28T09:28:52+09:00,ui: style Lucky Roulette interaction,80,success,https://github.com/tmdrkdtn1-project/lucky-girls-last-wall/commit/cf8c438f2a93475716714661210698d373438c3d
d170547a1cf6887284401caa190eb344aba8a111,2026-09-28T09:28:37+09:00,ui: add Lucky Roulette overlay,79,success,https://github.com/tmdrkdtn1-project/lucky-girls-last-wall/commit/d170547a1cf6887284401caa190eb344aba8a111
1497ce8aae38257589a612d99b63bda2ada26a06,2026-09-28T09:27:37+09:00,test: guard Lucky Roulette runtime core,78,success,https://github.com/tmdrkdtn1-project/lucky-girls-last-wall/commit/1497ce8aae38257589a612d99b63bda2ada26a06
043d9ec13c6b7a2e9720d1f7a675a8c5b4748258,2026-09-28T09:27:20+09:00,feat: implement Lucky Roulette runtime core,77,success,https://github.com/tmdrkdtn1-project/lucky-girls-last-wall/commit/043d9ec13c6b7a2e9720d1f7a675a8c5b4748258
085db5a621ff14f0bc63a1b37d3df41400391561,2026-09-28T09:27:02+09:00,data: define Lucky Roulette and midboss reward contract,76,success,https://github.com/tmdrkdtn1-project/lucky-girls-last-wall/commit/085db5a621ff14f0bc63a1b37d3df41400391561
42ce9eb657db554e532643c0f4bc7b1ddedacda8,2026-09-28T09:13:32+09:00,test: guard shared stage runtime contract,75,success,https://github.com/tmdrkdtn1-project/lucky-girls-last-wall/commit/42ce9eb657db554e532643c0f4bc7b1ddedacda8
717cb66f6c73cb1f13a4b829accd079b87338fc4,2026-09-28T09:13:25+09:00,data: define shared stage runtime contract,74,success,https://github.com/tmdrkdtn1-project/lucky-girls-last-wall/commit/717cb66f6c73cb1f13a4b829accd079b87338fc4
139de7fe1b811dea55ca98f5847b59fada78e880,2026-09-28T09:10:41+09:00,test: guard enemy instance semantic mappings,73,success,https://github.com/tmdrkdtn1-project/lucky-girls-last-wall/commit/139de7fe1b811dea55ca98f5847b59fada78e880
aa121dc2b88a23779cf1e15e524a958a75f7711b,2026-09-28T09:10:33+09:00,feat: map source-backed enemies to runtime semantics,72,success,https://github.com/tmdrkdtn1-project/lucky-girls-last-wall/commit/aa121dc2b88a23779cf1e15e524a958a75f7711b
7872f83c00bea056020b19b97537f4105b20fe72,2026-09-28T09:09:49+09:00,test: guard executable enemy special runtime,71,success,https://github.com/tmdrkdtn1-project/lucky-girls-last-wall/commit/7872f83c00bea056020b19b97537f4105b20fe72
42ca548355a212ddb9d3572da3d82cc567f16278,2026-09-28T09:09:40+09:00,feat: add enemy special-effect runtime semantics,70,success,https://github.com/tmdrkdtn1-project/lucky-girls-last-wall/commit/42ca548355a212ddb9d3572da3d82cc567f16278
264e4dca23236446864f136e6f2dd86f03bd5023,2026-09-28T09:08:51+09:00,test: guard source-backed enemy special bindings,69,success,https://github.com/tmdrkdtn1-project/lucky-girls-last-wall/commit/264e4dca23236446864f136e6f2dd86f03bd5023
1c1fa72bbcf146c4b0e3b0fd09c4e7385cc2d12f,2026-09-28T09:08:41+09:00,data: bind source-backed enemy special effects,68,success,https://github.com/tmdrkdtn1-project/lucky-girls-last-wall/commit/1c1fa72bbcf146c4b0e3b0fd09c4e7385cc2d12f
8d6909cb32d6bc1b6ee2db47111e8f10b93e5f40,2026-09-28T09:07:02+09:00,test: guard enemy special-effect audit coverage,67,success,https://github.com/tmdrkdtn1-project/lucky-girls-last-wall/commit/8d6909cb32d6bc1b6ee2db47111e8f10b93e5f40
95f9aed3679a13edea6bcea7368989f67f50c4fb,2026-09-28T09:06:54+09:00,data: audit enemy and elite special effects,66,success,https://github.com/tmdrkdtn1-project/lucky-girls-last-wall/commit/95f9aed3679a13edea6bcea7368989f67f50c4fb
240d4c17bb463c087181b7dff2816ac1bb800ec7,2026-09-28T09:02:10+09:00,test: validate adapter lists against runtime registry,65,success,https://github.com/tmdrkdtn1-project/lucky-girls-last-wall/commit/240d4c17bb463c087181b7dff2816ac1bb800ec7
f3783ccf02223f1e8a1d90c4d231c724cfa677f9,2026-09-28T09:00:29+09:00,test: strengthen 210-skill runtime regression guards,64,failure,https://github.com/tmdrkdtn1-project/lucky-girls-last-wall/commit/f3783ccf02223f1e8a1d90c4d231c724cfa677f9
9005c9c1cd18b59ac9e9dac5db865d0c41d963ef,2026-09-28T02:22:25+09:00,fix: normalize active RPG runtime version contracts,63,success,https://github.com/tmdrkdtn1-project/lucky-girls-last-wall/commit/9005c9c1cd18b59ac9e9dac5db865d0c41d963ef
4a7622f397992761f1d5e7307dbc33a07eef8b62,2026-09-28T02:20:13+09:00,test: align RPG adapter guards with V1.2 runtime,62,success,https://github.com/tmdrkdtn1-project/lucky-girls-last-wall/commit/4a7622f397992761f1d5e7307dbc33a07eef8b62
ea13ea7899029a23caa32438cdab2cd95ed4a384,2026-09-28T02:18:16+09:00,docs: add UTF-8 BOM master manual copy,61,failure,https://github.com/tmdrkdtn1-project/lucky-girls-last-wall/commit/ea13ea7899029a23caa32438cdab2cd95ed4a384
caa58581839491de3250e986ac0e53a943170d0a,2026-09-28T02:14:12+09:00,test: align adapter backlog schema assertion with V1_2,60,failure,https://github.com/tmdrkdtn1-project/lucky-girls-last-wall/commit/caa58581839491de3250e986ac0e53a943170d0a
04c61e88b5ff7c161e5e80cde60a706d5c673f09,2026-09-28T02:13:07+09:00,test: align runtime binding schema assertion with V1_2,59,failure,https://github.com/tmdrkdtn1-project/lucky-girls-last-wall/commit/04c61e88b5ff7c161e5e80cde60a706d5c673f09
c272b243e4faba788d786dc9e39918e8e99a0b16,2026-09-28T02:05:28+09:00,docs: add full Lucky Girls master manual and executable code snapshot,58,failure,https://github.com/tmdrkdtn1-project/lucky-girls-last-wall/commit/c272b243e4faba788d786dc9e39918e8e99a0b16
8bdecc948b49fc680eb14920de00aa94ca8e6261,2026-09-28T01:58:58+09:00,feat: close final RPG skill definition gaps,57,failure,https://github.com/tmdrkdtn1-project/lucky-girls-last-wall/commit/8bdecc948b49fc680eb14920de00aa94ca8e6261
15282505578f7306111c77a0f2cf727c86526476,2026-09-28T01:56:26+09:00,feat: implement all RPG runtime adapters,56,failure,https://github.com/tmdrkdtn1-project/lucky-girls-last-wall/commit/15282505578f7306111c77a0f2cf727c86526476
151c81408db4df9fe29b02b98c2d91966169b80f,2026-09-28T01:53:25+09:00,data: bind all RPG skills to shared runtime primitives,55,success,https://github.com/tmdrkdtn1-project/lucky-girls-last-wall/commit/151c81408db4df9fe29b02b98c2d91966169b80f
0ca8d02a2c7a5a1ee9ef0bf5ad10177eddf9c3aa,2026-09-28T01:46:08+09:00,feat: connect Stage 1 Braum RPG skill patterns,54,failure,https://github.com/tmdrkdtn1-project/lucky-girls-last-wall/commit/0ca8d02a2c7a5a1ee9ef0bf5ad10177eddf9c3aa
bfd21250706c3e68d6bd68d2907f0d2f2929aa7a,2026-09-28T01:41:45+09:00,feat: complete shared RPG advanced effect primitives,53,failure,https://github.com/tmdrkdtn1-project/lucky-girls-last-wall/commit/bfd21250706c3e68d6bd68d2907f0d2f2929aa7a
e0aa83ae94eec927180627999308fa4310d8cb30,2026-09-28T01:33:57+09:00,feat: add shared RPG effect runtime and connect Aria Stage 1,52,success,https://github.com/tmdrkdtn1-project/lucky-girls-last-wall/commit/e0aa83ae94eec927180627999308fa4310d8cb30
8f8a2f7a7220a9a702f08826cc665cbc91481982,2026-09-28T01:30:21+09:00,test: lock approved mutable boss RPG skill state,51,failure,https://github.com/tmdrkdtn1-project/lucky-girls-last-wall/commit/8f8a2f7a7220a9a702f08826cc665cbc91481982
bf29bcf5d65232110c469e5299de1f46da654b55,2026-09-28T01:29:41+09:00,data: approve all provisional boss RPG skills for runtime,50,failure,https://github.com/tmdrkdtn1-project/lucky-girls-last-wall/commit/bf29bcf5d65232110c469e5299de1f46da654b55
92ea322f7ec41af3afb348ee18cd08b5b52eb326,2026-09-27T23:54:17+09:00,docs: add master approval gate for provisional boss RPG skills,49,failure,https://github.com/tmdrkdtn1-project/lucky-girls-last-wall/commit/92ea322f7ec41af3afb348ee18cd08b5b52eb326
75490dfa004992d7e5006218850ab72e0a262c7d,2026-09-27T23:37:41+09:00,data: define provisional RPG behavior for name-only boss skills,48,failure,https://github.com/tmdrkdtn1-project/lucky-girls-last-wall/commit/75490dfa004992d7e5006218850ab72e0a262c7d
a77430a328132805ad0d500b0fe5f4dcfeb22e82,2026-09-27T23:34:53+09:00,data: define RPG translation matrix for all hero and boss skills,47,failure,https://github.com/tmdrkdtn1-project/lucky-girls-last-wall/commit/a77430a328132805ad0d500b0fe5f4dcfeb22e82
aed806c7482dbceb1901da7a19e0e542f2beb4e9,2026-09-27T23:22:42+09:00,feat: implement Aria TD skills on shared combat framework,46,success,https://github.com/tmdrkdtn1-project/lucky-girls-last-wall/commit/aed806c7482dbceb1901da7a19e0e542f2beb4e9
a876d44d2f2d35791448980fc2728410009242d9,2026-09-27T22:53:38+09:00,fix: update penetration regression guard after overlap semantics,45,failure,https://github.com/tmdrkdtn1-project/lucky-girls-last-wall/commit/a876d44d2f2d35791448980fc2728410009242d9
9e83be6090cabd9da6b18d1998dd2b4418febd90,2026-09-27T22:52:45+09:00,fix: correct skill enemy source column in combat registry,44,failure,https://github.com/tmdrkdtn1-project/lucky-girls-last-wall/commit/9e83be6090cabd9da6b18d1998dd2b4418febd90
c13033e926a27b0d57fb58fa8d20bd8a2b9d18f2,2026-09-27T22:52:01+09:00,data: add full combat roster and RPG issue registry,43,failure,https://github.com/tmdrkdtn1-project/lucky-girls-last-wall/commit/c13033e926a27b0d57fb58fa8d20bd8a2b9d18f2
aa132a65b1b4cea40be99ade246efd0bf4d6f190,2026-09-27T22:30:56+09:00,fix: define overlap-based penetration and RPG defense ignore,42,failure,https://github.com/tmdrkdtn1-project/lucky-girls-last-wall/commit/aa132a65b1b4cea40be99ade246efd0bf4d6f190
41a83ab140dabf493d5c8391982c04a242d3f1fd,2026-09-27T22:23:31+09:00,feat: implement Stage 1 TD combat effect engine,41,success,https://github.com/tmdrkdtn1-project/lucky-girls-last-wall/commit/41a83ab140dabf493d5c8391982c04a242d3f1fd
4a73044c57f3d8acac05917f8d097ad2f971bc0d,2026-09-27T22:13:15+09:00,ui: add mobile landscape safe spacing pass,40,success,https://github.com/tmdrkdtn1-project/lucky-girls-last-wall/commit/4a73044c57f3d8acac05917f8d097ad2f971bc0d
ec41403c5c94791d4de99167d16feecbbd3374bb,2026-09-27T21:55:51+09:00,fix: update RPG ultimate regression guard for auto battle,39,success,https://github.com/tmdrkdtn1-project/lucky-girls-last-wall/commit/ec41403c5c94791d4de99167d16feecbbd3374bb
63d3140e297cf96b3bc9843783dd1876bc649457,2026-09-27T21:53:48+09:00,feat: animate boss charge destruction and tune RPG battle duration,38,failure,https://github.com/tmdrkdtn1-project/lucky-girls-last-wall/commit/63d3140e297cf96b3bc9843783dd1876bc649457
3cd55f4b2ac9f39023914084ef8a88cf24f2013c,2026-09-27T21:41:20+09:00,fix: update Stage 1 regression guard for RPG transition flow,37,success,https://github.com/tmdrkdtn1-project/lucky-girls-last-wall/commit/3cd55f4b2ac9f39023914084ef8a88cf24f2013c
04184bd6f79d1ff14e79941726a11397cb476be0,2026-09-27T21:36:19+09:00,feat: lock TD handoff and refine Stage 1 RPG boss transition,36,failure,https://github.com/tmdrkdtn1-project/lucky-girls-last-wall/commit/04184bd6f79d1ff14e79941726a11397cb476be0
48daddfef273e158a0ca61dcd39da7ff31cca9d5,2026-09-27T21:18:53+09:00,feat: add staged RPG boss intro sequence before combat,35,success,https://github.com/tmdrkdtn1-project/lucky-girls-last-wall/commit/48daddfef273e158a0ca61dcd39da7ff31cca9d5
444a9ee1a96ab6385384868c568220559605e8bf,2026-09-27T21:13:00+09:00,feat: implement Stage 1 RPG boss battle prototype,34,success,https://github.com/tmdrkdtn1-project/lucky-girls-last-wall/commit/444a9ee1a96ab6385384868c568220559605e8bf
37aa116b5230dc8ef67169038ce1410d3c4a9ca9,2026-09-27T21:06:52+09:00,design: add RPG boss battle system V1,33,success,https://github.com/tmdrkdtn1-project/lucky-girls-last-wall/commit/37aa116b5230dc8ef67169038ce1410d3c4a9ca9
ad29a8f50a2c80bcc889525efe66c5c9dc51fab3,2026-09-27T21:05:11+09:00,docs: accept TD alpha and add Unity migration checklist,32,success,https://github.com/tmdrkdtn1-project/lucky-girls-last-wall/commit/ad29a8f50a2c80bcc889525efe66c5c9dc51fab3
4f2d6d476ac9f0b3ce69e6340304df34b8182519,2026-09-27T20:56:05+09:00,fix: correct boss scale CSS and top-alert regression test,31,success,https://github.com/tmdrkdtn1-project/lucky-girls-last-wall/commit/4f2d6d476ac9f0b3ce69e6340304df34b8182519
75ad5ce5f97f946df51018003f95b56ba61a0207,2026-09-27T20:53:04+09:00,ui: enlarge boss and move alerts to blinking top HUD,30,failure,https://github.com/tmdrkdtn1-project/lucky-girls-last-wall/commit/75ad5ce5f97f946df51018003f95b56ba61a0207
464ad090e86dd4bebb1b2fa683e4e0d0d04e33fa,2026-09-27T20:39:06+09:00,feat: show upgrade unit ATK and combat traits in UI,29,success,https://github.com/tmdrkdtn1-project/lucky-girls-last-wall/commit/464ad090e86dd4bebb1b2fa683e4e0d0d04e33fa
62006155d1f6a0377f1bc1cc637af0c7fc6db446,2026-09-27T20:33:15+09:00,feat: add unit movement hero placement choice and explicit pause,28,success,https://github.com/tmdrkdtn1-project/lucky-girls-last-wall/commit/62006155d1f6a0377f1bc1cc637af0c7fc6db446
d12bcc5a0447b30dc9cfe77ed938cd483abc9c2f,2026-09-27T20:27:49+09:00,feat: set 40s waves and W10 boss 3s warning 6s spawn 40s enrage,27,success,https://github.com/tmdrkdtn1-project/lucky-girls-last-wall/commit/d12bcc5a0447b30dc9cfe77ed938cd483abc9c2f
a9275a4dc0c3d35344907cea3e7f3ee6982272ee,2026-09-27T20:12:14+09:00,fix: restore full Stage 1 tree with early-clear reward,26,success,https://github.com/tmdrkdtn1-project/lucky-girls-last-wall/commit/a9275a4dc0c3d35344907cea3e7f3ee6982272ee
06ea84570b235af06f716e4b6722c4835c805ebb,2026-09-27T20:11:23+09:00,feat: add early wave-clear bonus and explicit reward notice,25,failure,https://github.com/tmdrkdtn1-project/lucky-girls-last-wall/commit/06ea84570b235af06f716e4b6722c4835c805ebb
fe0ea745c74d7da08a84e747b6f9c29a92d08e7f,2026-09-27T20:07:52+09:00,build: bump Wave 10 boss timing version,24,failure,https://github.com/tmdrkdtn1-project/lucky-girls-last-wall/commit/fe0ea745c74d7da08a84e747b6f9c29a92d08e7f
061e144a3770278b7b762da4f484dd425011073b,2026-09-27T20:07:48+09:00,test: guard Wave 10 mid-wave boss timing,23,failure,https://github.com/tmdrkdtn1-project/lucky-girls-last-wall/commit/061e144a3770278b7b762da4f484dd425011073b
4ee27fecd46afd336ba07f82f446099eb653ffbd,2026-09-27T20:07:42+09:00,tune: spawn Wave 10 boss at mid-wave,22,failure,https://github.com/tmdrkdtn1-project/lucky-girls-last-wall/commit/4ee27fecd46afd336ba07f82f446099eb653ffbd
28aefa790e4337a911f8f3fba51b154c35bf7ba8,2026-09-27T20:06:43+09:00,build: bump Wave 10 boss fix version,21,success,https://github.com/tmdrkdtn1-project/lucky-girls-last-wall/commit/28aefa790e4337a911f8f3fba51b154c35bf7ba8
c9c4f55ecf4a556e91fa9e938fc2fb05df002846,2026-09-27T20:06:40+09:00,test: guard guaranteed Wave 10 boss spawn,20,success,https://github.com/tmdrkdtn1-project/lucky-girls-last-wall/commit/c9c4f55ecf4a556e91fa9e938fc2fb05df002846
49decd26b414f40cb87b76e5ac22bc87cb767a2a,2026-09-27T20:06:36+09:00,fix: guarantee Wave 10 boss spawn on wave transition,19,success,https://github.com/tmdrkdtn1-project/lucky-girls-last-wall/commit/49decd26b414f40cb87b76e5ac22bc87cb767a2a
94aa2778c2aa6a9e5201d3e469784e001053e6ef,2026-09-27T19:45:50+09:00,build: bump gate defense bugfix version,18,success,https://github.com/tmdrkdtn1-project/lucky-girls-last-wall/commit/94aa2778c2aa6a9e5201d3e469784e001053e6ef
1bc88fe7e38db294c7aec690e6cdea7e4df0d9c4,2026-09-27T19:45:48+09:00,test: guard G to O castle defense targeting,17,success,https://github.com/tmdrkdtn1-project/lucky-girls-last-wall/commit/1bc88fe7e38db294c7aec690e6cdea7e4df0d9c4
7f259a4c384328a97d229e1f301adfef0e8ae805,2026-09-27T19:45:44+09:00,fix: keep castle defenders attacking enemies after Final Wall breaks,16,success,https://github.com/tmdrkdtn1-project/lucky-girls-last-wall/commit/7f259a4c384328a97d229e1f301adfef0e8ae805
41c1cdd6042f7a02dc17f70ddc204cf6a78e2dd4,2026-09-27T19:38:51+09:00,test: guard shared simulation clock for speed modes,15,success,https://github.com/tmdrkdtn1-project/lucky-girls-last-wall/commit/41c1cdd6042f7a02dc17f70ddc204cf6a78e2dd4
e91b475fe580f7099af8d0f685e10ace8e9f7bb9,2026-09-27T19:38:46+09:00,build: bump speed sync bugfix version,14,success,https://github.com/tmdrkdtn1-project/lucky-girls-last-wall/commit/e91b475fe580f7099af8d0f685e10ace8e9f7bb9
c222396c79e3e357a02c678184ca0c831067f70f,2026-09-27T19:38:41+09:00,fix: synchronize allied attacks with battle speed,13,success,https://github.com/tmdrkdtn1-project/lucky-girls-last-wall/commit/c222396c79e3e357a02c678184ca0c831067f70f
bfac44218c3de7f2295795633e194b42fe76bdfb,2026-09-27T19:33:27+09:00,ci: name every APK and artifact by unique run version,12,success,https://github.com/tmdrkdtn1-project/lucky-girls-last-wall/commit/bfac44218c3de7f2295795633e194b42fe76bdfb
1f905aca03029b19f055569f214604fffb61e7a6,2026-09-27T19:33:24+09:00,build: assign unique version per GitHub Actions run,11,success,https://github.com/tmdrkdtn1-project/lucky-girls-last-wall/commit/1f905aca03029b19f055569f214604fffb61e7a6
678072db195240f5cb51520684706e142911a8c0,2026-09-27T19:20:04+09:00,test: guard corrected Stage 1 rules,10,success,https://github.com/tmdrkdtn1-project/lucky-girls-last-wall/commit/678072db195240f5cb51520684706e142911a8c0
830dfe005b7ec4c966595ddc45d6470a634748ce,2026-09-27T19:20:00+09:00,build: bump Stage 1 alpha fix version,9,success,https://github.com/tmdrkdtn1-project/lucky-girls-last-wall/commit/830dfe005b7ec4c966595ddc45d6470a634748ce
db51b4852d804879727b75d8d23db3ea7fb47157,2026-09-27T19:19:54+09:00,feat: style tier 3 units and boss warning,8,success,https://github.com/tmdrkdtn1-project/lucky-girls-last-wall/commit/db51b4852d804879727b75d8d23db3ea7fb47157
d325965a9abf19d90f184fea9f630df56b9e2fcf,2026-09-27T19:19:51+09:00,feat: add boss warning overlay,7,success,https://github.com/tmdrkdtn1-project/lucky-girls-last-wall/commit/d325965a9abf19d90f184fea9f630df56b9e2fcf
e649b510eeb460e7a22af722e2b5fa8ef2e02cba,2026-09-27T19:19:45+09:00,"feat: fix Stage 1 unit trees, legendary combo and boss flow",6,success,https://github.com/tmdrkdtn1-project/lucky-girls-last-wall/commit/e649b510eeb460e7a22af722e2b5fa8ef2e02cba
6077fa8f1198ceba27d1eca0b9e0da264470df67,2026-09-27T19:17:37+09:00,docs: record Stage 1 alpha correction rules,5,success,https://github.com/tmdrkdtn1-project/lucky-girls-last-wall/commit/6077fa8f1198ceba27d1eca0b9e0da264470df67
d84669ceaaa74f3835e707d2b97372f1fd18b21d,2026-09-27T19:17:34+09:00,docs: record Stage 1 alpha correction rules,4,success,https://github.com/tmdrkdtn1-project/lucky-girls-last-wall/commit/d84669ceaaa74f3835e707d2b97372f1fd18b21d
69ce880c5cdeb72d5c3c7c972d0360fa65481612,2026-09-27T19:17:32+09:00,docs: record Stage 1 alpha correction rules,3,success,https://github.com/tmdrkdtn1-project/lucky-girls-last-wall/commit/69ce880c5cdeb72d5c3c7c972d0360fa65481612
f6fbc422747a80a1e4c6747c43431e0b587cf62c,2026-09-27T19:17:29+09:00,docs: record Stage 1 alpha correction rules,2,success,https://github.com/tmdrkdtn1-project/lucky-girls-last-wall/commit/f6fbc422747a80a1e4c6747c43431e0b587cf62c
824e91f3cacb40e60e58d1e20988c3b936c07e9c,2026-09-27T18:18:18+09:00,reset: clean Stage 1 playable baseline,1,success,https://github.com/tmdrkdtn1-project/lucky-girls-last-wall/commit/824e91f3cacb40e60e58d1e20988c3b936c07e9c
