hero,rarity,slot,text,source_cell,source_unlock,prototype_unlock,runtime_status
아리아,전설,1,성광 참격 — 3칸 직선 관통 피해. 방어벽에 붙은 적에게 피해 +25%.,아군 영웅!G2,기본 해금,10,ARIA_SAMPLE_ONLY
아리아,전설,2,"수호의 맹세 — 인근 2칸 아군 ATK·공속 +15%, 가장 가까운 방어벽 DEF +20% (8초).",아군 영웅!H2,1차 한계돌파(Lv20),20,ARIA_SAMPLE_ONLY
아리아,전설,3,최후의 성역 — 전 경로 성광 피해 + 방어벽에 5초간 피해 50% 감소 보호막.,아군 영웅!I2,3차 한계돌파(Lv60) / 필살기 컷신,30,ARIA_SAMPLE_ONLY
유나,전설,1,"봉인의 부적 — 단일 적 3초 속박, 보스는 35% 둔화.",아군 영웅!G3,기본 해금,10,NOT_WIRED_IN_STAGE1
유나,전설,2,"결계진 — 경로 2칸에 6초 결계, 적 이속 -35%·스킬 사용 지연.",아군 영웅!H3,1차 한계돌파(Lv20),20,NOT_WIRED_IN_STAGE1
유나,전설,3,대봉인술 — 화면 내 정예/보스 스킬을 4초 봉인하고 일반 적 2초 행동불능.,아군 영웅!I3,3차 한계돌파(Lv60) / 필살기 컷신,30,NOT_WIRED_IN_STAGE1
리엘,전설,1,화염창 — 단일 고화력 + 6초 화상.,아군 영웅!G4,기본 해금,10,NOT_WIRED_IN_STAGE1
리엘,전설,2,용암지대 — 경로 2칸에 8초 지속 광역 화염.,아군 영웅!H4,1차 한계돌파(Lv20),20,NOT_WIRED_IN_STAGE1
리엘,전설,3,"홍련지옥 — 화면 내 적 전체 3회 폭발 피해, 화상 중인 적 추가 피해 +40%.",아군 영웅!I4,3차 한계돌파(Lv60) / 필살기 컷신,30,NOT_WIRED_IN_STAGE1
루비,전설,1,"현상표식 — 가장 HP 높은 적에게 표식, 해당 적이 받는 피해 +15%.",아군 영웅!G5,기본 해금,10,NOT_WIRED_IN_STAGE1
루비,전설,2,"도탄사격 — 최대 5대상으로 피해 이전, 이전마다 피해 -10%.",아군 영웅!H5,1차 한계돌파(Lv20),20,NOT_WIRED_IN_STAGE1
루비,전설,3,DEAD OR ALIVE — 보스/정예에게 강력한 단일 사격. HP 30% 이하 대상 추가 피해 +60%.,아군 영웅!I5,3차 한계돌파(Lv60) / 필살기 컷신,30,NOT_WIRED_IN_STAGE1
에리카,전설,1,용혈참 — 전방 2칸 광역 베기.,아군 영웅!G6,기본 해금,10,NOT_WIRED_IN_STAGE1
에리카,전설,2,"혈룡폭주 — 10초 ATK +30%·공속 +25%, 종료 후 3초 공속 -15%.",아군 영웅!H6,1차 한계돌파(Lv20),20,NOT_WIRED_IN_STAGE1
에리카,전설,3,"용의 숨결 — 넓은 부채꼴 화염 지속피해, 방어 높은 적에게 방어무시 25%.",아군 영웅!I6,3차 한계돌파(Lv60) / 필살기 컷신,30,NOT_WIRED_IN_STAGE1
세라,전설,1,천상의 노래 — 인근 2칸 아군 ATK·공속 +12%.,아군 영웅!G7,기본 해금,10,NOT_WIRED_IN_STAGE1
세라,전설,2,치유의 광휘 — 가장 손상된 방어벽 HP 20% 회복 + 5초 DEF +20%.,아군 영웅!H7,1차 한계돌파(Lv20),20,NOT_WIRED_IN_STAGE1
세라,전설,3,"세라핌 앙코르 — 모든 아군 ATK·공속 +18%, 모든 방어벽 10% 즉시 회복.",아군 영웅!I7,3차 한계돌파(Lv60) / 필살기 컷신,30,NOT_WIRED_IN_STAGE1
레이나,전설,1,서리창 — 단일 피해 + 이속 -25% 4초.,아군 영웅!G8,기본 해금,10,NOT_WIRED_IN_STAGE1
레이나,전설,2,"빙결감옥 — 경로 2칸 적 2초 빙결, 보스는 40% 둔화 3초.",아군 영웅!H8,1차 한계돌파(Lv20),20,NOT_WIRED_IN_STAGE1
레이나,전설,3,"절대영도 — 화면 전체 1.5초 정지 후 강한 냉기 피해, 이후 6초 이속 -30%.",아군 영웅!I8,3차 한계돌파(Lv60) / 필살기 컷신,30,NOT_WIRED_IN_STAGE1
카린,전설,1,"그림자 베기 — 가장 앞선 적에게 순간이동 베기 후 원위치, 방어 20% 무시.",아군 영웅!G9,기본 해금,10,NOT_WIRED_IN_STAGE1
카린,전설,2,"잔영난무 — 4초간 공격이 2회 추가 타격, 보스에게 추가 피해 +20%.",아군 영웅!H9,1차 한계돌파(Lv20),20,NOT_WIRED_IN_STAGE1
카린,전설,3,홍련 처형 — 보스/정예 단일 초고화력. HP 25% 이하 대상에게 치명 피해 보정.,아군 영웅!I9,3차 한계돌파(Lv60) / 필살기 컷신,30,NOT_WIRED_IN_STAGE1
벨,신화,1,"저주인형 — 가장 HP 높은 적과 인형 연결, 받은 피해의 25%를 주변 2명에게 이전.",아군 영웅!G10,기본 해금,10,NOT_WIRED_IN_STAGE1
벨,신화,2,"마리오네트 — 6초간 경로 2칸 적의 이속 -40%, 정예 1체를 2초 행동불능.",아군 영웅!H10,1차 한계돌파(Lv20),20,NOT_WIRED_IN_STAGE1
벨,신화,3,대인형극 — 10초간 주변 아군 공격 시 35% 확률로 인형이 추가타.,아군 영웅!I10,3차 한계돌파(Lv60) / 필살기 컷신,30,NOT_WIRED_IN_STAGE1
미아,신화,1,"보물탄 — 3대상 관통, 마지막 대상 추가 피해.",아군 영웅!G11,기본 해금,10,NOT_WIRED_IN_STAGE1
미아,신화,2,"행운의 함정 — 경로 1칸에 8초 함정, 최초 6명에게 기절 1초 + 추가 골드 소량.",아군 영웅!H11,1차 한계돌파(Lv20),20,NOT_WIRED_IN_STAGE1
미아,신화,3,"왕의 보물고 — 8초간 발리스타/감시탑 계열 ATK +30%, 자신은 연속 포격.",아군 영웅!I11,3차 한계돌파(Lv60) / 필살기 컷신,30,NOT_WIRED_IN_STAGE1
아이린,신화,1,클린 스위프 — 전방 부채꼴 광역 피해.,아군 영웅!G12,기본 해금,10,NOT_WIRED_IN_STAGE1
아이린,신화,2,"전술 봉사 — 인근 2칸 아군 공격속도 +20%, 방어벽 수리속도/회복효과 +20%.",아군 영웅!H12,1차 한계돌파(Lv20),20,NOT_WIRED_IN_STAGE1
아이린,신화,3,"퍼펙트 클리닝 — 화면 내 가장 강한 적 5체를 순차 타격, 처치 시 다음 타격 피해 증가.",아군 영웅!I12,3차 한계돌파(Lv60) / 필살기 컷신,30,NOT_WIRED_IN_STAGE1
네온,신화,1,형상복제 — 인접 아군 1명의 피해종류를 8초 복제.,아군 영웅!G13,기본 해금,10,NOT_WIRED_IN_STAGE1
네온,신화,2,프리즘 왜곡 — 경로 2칸에 랜덤 화염/빙결/번개 효과.,아군 영웅!H13,1차 한계돌파(Lv20),20,NOT_WIRED_IN_STAGE1
네온,신화,3,"무한 프리즘 — 12초간 3개의 환영 생성, 기본공격 45% 위력으로 동시 공격.",아군 영웅!I13,3차 한계돌파(Lv60) / 필살기 컷신,30,NOT_WIRED_IN_STAGE1
샤샤,신화,1,"접착 폭약 — 경로 1칸에 지뢰 설치, 5체까지 광역.",아군 영웅!G14,기본 해금,10,NOT_WIRED_IN_STAGE1
샤샤,신화,2,"연쇄기폭 — 현재 설치된 폭약을 연속 폭발, 방어 높은 적 방어 20% 무시.",아군 영웅!H14,1차 한계돌파(Lv20),20,NOT_WIRED_IN_STAGE1
샤샤,신화,3,"최종 폭파계획 — 3개 경로 핵심지점에 대폭발, 보스에게 별도 단일 추가폭발.",아군 영웅!I14,3차 한계돌파(Lv60) / 필살기 컷신,30,NOT_WIRED_IN_STAGE1
루나,신화,1,"운명의 표식 — 적 1체가 받는 피해 +18%, 처치 시 다음 적에게 이전.",아군 영웅!G15,기본 해금,10,NOT_WIRED_IN_STAGE1
루나,신화,2,"역행의 별 — 가장 앞선 적 3체를 경로 1칸 뒤로 되돌림, 보스는 1.5초 정지.",아군 영웅!H15,1차 한계돌파(Lv20),20,NOT_WIRED_IN_STAGE1
루나,신화,3,"운명개변 — 8초간 아군 치명/강화효과 발동률 상승, 적의 이동·스킬 주기 20% 지연.",아군 영웅!I15,3차 한계돌파(Lv60) / 필살기 컷신,30,NOT_WIRED_IN_STAGE1
비올라,신화,1,독화살비 — 경로 2칸 독 지속피해.,아군 영웅!G16,기본 해금,10,NOT_WIRED_IN_STAGE1
비올라,신화,2,역병 전염 — 독 걸린 적 사망 시 주변 2명에게 독 이전.,아군 영웅!H16,1차 한계돌파(Lv20),20,NOT_WIRED_IN_STAGE1
비올라,신화,3,죽음의 정원 — 10초간 넓은 독지대. 보스에게 중첩 5회 시 방어 -20%.,아군 영웅!I16,3차 한계돌파(Lv60) / 필살기 컷신,30,NOT_WIRED_IN_STAGE1
클로에,신화,1,비트 업 — 인근 2칸 아군 공속 +18% 6초.,아군 영웅!G17,기본 해금,10,NOT_WIRED_IN_STAGE1
클로에,신화,2,소닉 웨이브 — 넓은 직선 광역 + 1초 기절.,아군 영웅!H17,1차 한계돌파(Lv20),20,NOT_WIRED_IN_STAGE1
클로에,신화,3,"라스트 앙코르 — 10초간 전 아군 공속 +15%, 적 이속 -20%, 스킬 쿨다운 10% 단축.",아군 영웅!I17,3차 한계돌파(Lv60) / 필살기 컷신,30,NOT_WIRED_IN_STAGE1
아델,신화,1,수호의 일격 — 단일 강타 + 주변 적 20% 둔화.,아군 영웅!G18,기본 해금,10,NOT_WIRED_IN_STAGE1
아델,신화,2,미스릴 가호 — 가장 가까운 방어벽이 8초간 받는 피해 -35%.,아군 영웅!H18,1차 한계돌파(Lv20),20,NOT_WIRED_IN_STAGE1
아델,신화,3,불락의 성채 — 6초간 방어벽 파괴를 1회 무효화하고 주변 아군 ATK +15%.,아군 영웅!I18,3차 한계돌파(Lv60) / 필살기 컷신,30,NOT_WIRED_IN_STAGE1
니아,신화,1,"혈창 — 3대상 관통, 대상 현재 HP 비례 추가피해.",아군 영웅!G19,기본 해금,10,NOT_WIRED_IN_STAGE1
니아,신화,2,"피의 저주 — 보스/정예 방어 -18%, 받는 지속피해 +30% 8초.",아군 영웅!H19,1차 한계돌파(Lv20),20,NOT_WIRED_IN_STAGE1
니아,신화,3,"진홍월식 — 화면 전체 지속피해 8초, HP가 높은 적일수록 첫 타격 강화.",아군 영웅!I19,3차 한계돌파(Lv60) / 필살기 컷신,30,NOT_WIRED_IN_STAGE1
오로라,신화,1,유성낙하 — 지정 경로 1칸 강한 광역.,아군 영웅!G20,기본 해금,10,NOT_WIRED_IN_STAGE1
오로라,신화,2,별자리 결속 — 서로 다른 직업 아군이 인접할수록 ATK·사거리 소폭 증가.,아군 영웅!H20,1차 한계돌파(Lv20),20,NOT_WIRED_IN_STAGE1
오로라,신화,3,"천구붕괴 — 5개의 유성이 순차 낙하, 마지막은 보스 위치 고정 타격.",아군 영웅!I20,3차 한계돌파(Lv60) / 필살기 컷신,30,NOT_WIRED_IN_STAGE1
이브,신화,1,시간지연 — 경로 2칸 이속 -35% 5초.,아군 영웅!G21,기본 해금,10,NOT_WIRED_IN_STAGE1
이브,신화,2,"되감기 — 가장 앞선 적 4체를 1~2칸 뒤로 이동, 보스는 스킬 게이지 감소.",아군 영웅!H21,1차 한계돌파(Lv20),20,NOT_WIRED_IN_STAGE1
이브,신화,3,"멈춰버린 세계 — 3초간 일반 적 완전 정지, 보스 1초 정지 + 아군 공속 20% 증가.",아군 영웅!I21,3차 한계돌파(Lv60) / 필살기 컷신,30,NOT_WIRED_IN_STAGE1
