"Character","FileName","DestinationPath","SourceSHA256","Status"
"01_ARIA","01_ARIA_아리아.png","D:\MYGAME\lucky_girls\04_CHARACTERS\01_ARIA\MASTER\REPRESENTATIVE\01_ARIA_아리아.png","823013358240EB9AF0F3DBBC6E4838A2852AF6247D592E7A7A944D58D2499C6E","COPIED"
"02_YUNA","02_YUNA_유나.png","D:\MYGAME\lucky_girls\04_CHARACTERS\02_YUNA\MASTER\REPRESENTATIVE\02_YUNA_유나.png","2CEC187173734001A70F1A3468CFC11F1C84883193E230DA9989EE34C1B5F3C3","COPIED"
"03_RIEL","03_RIEL_리엘.png","D:\MYGAME\lucky_girls\04_CHARACTERS\03_RIEL\MASTER\REPRESENTATIVE\03_RIEL_리엘.png","65B9CB8C90862DAA13184E6E0382311C93946D9CDB9E5871AA9B700AA3EA7972","COPIED"
"04_RUBY","04_RUBY_루비.png","D:\MYGAME\lucky_girls\04_CHARACTERS\04_RUBY\MASTER\REPRESENTATIVE\04_RUBY_루비.png","963E60BF6B14AEE1BEE9FF9C10950D4E46D50D6BBEFB66F33E141ECECC32531A","COPIED"
"05_ERIKA","05_ERIKA_에리카.png","D:\MYGAME\lucky_girls\04_CHARACTERS\05_ERIKA\MASTER\REPRESENTATIVE\05_ERIKA_에리카.png","46644BDE3B5095D9FAC40C3B98674BD5B052F5AE410F9F49F8CB433DA95896F5","COPIED"
"06_SERA","06_SERA_세라.png","D:\MYGAME\lucky_girls\04_CHARACTERS\06_SERA\MASTER\REPRESENTATIVE\06_SERA_세라.png","8B844B41E18EBCF6BA3943CF33059F9B1FE05785F2E9ED074BE28E79C2CA491C","COPIED"
"07_REINA","07_REINA_레이나.png","D:\MYGAME\lucky_girls\04_CHARACTERS\07_REINA\MASTER\REPRESENTATIVE\07_REINA_레이나.png","7BF27C7C4E77436D7D8FABE4016F1837C66F97EF363FC1B5B3A918842CC09F68","COPIED"
"08_KARIN","08_KARIN_카린.png","D:\MYGAME\lucky_girls\04_CHARACTERS\08_KARIN\MASTER\REPRESENTATIVE\08_KARIN_카린.png","A218EFAA168980FE7DAECA66FAA84C2E80954F2AEF60F2C326D4D201CBAAE6D5","COPIED"
"09_BELL","09_BELL_벨.png","D:\MYGAME\lucky_girls\04_CHARACTERS\09_BELL\MASTER\REPRESENTATIVE\09_BELL_벨.png","48E3D6FB119F90073386ECF1284C6DB832F8C5520C05360D8B2980982B499674","COPIED"
"10_MIA","10_MIA_미아.png","D:\MYGAME\lucky_girls\04_CHARACTERS\10_MIA\MASTER\REPRESENTATIVE\10_MIA_미아.png","91E980CAC32E59972CC16A2DCAB5C974C03B5B42986D73602F889F787A405388","COPIED"
"11_IRENE","11_IRENE_아이린.png","D:\MYGAME\lucky_girls\04_CHARACTERS\11_IRENE\MASTER\REPRESENTATIVE\11_IRENE_아이린.png","18DD4A0A0AE6896FBD88BBEF377A2D5C6455AF6A64043F2CC467B987F030DEE6","COPIED"
"12_NEON","12_NEON_네온.png","D:\MYGAME\lucky_girls\04_CHARACTERS\12_NEON\MASTER\REPRESENTATIVE\12_NEON_네온.png","EEBA93F891F0E8D09E62D8F7DF4D5B30CDA5EDA1CA5C39D6F3A58AB010002421","COPIED"
"13_SHASHA","13_SHASHA_샤샤.png","D:\MYGAME\lucky_girls\04_CHARACTERS\13_SHASHA\MASTER\REPRESENTATIVE\13_SHASHA_샤샤.png","35DB22947547DB3B4CB06B77F350E6574F411D33DCA4F6AE9738EA64723088BF","COPIED"
"14_LUNA","14_LUNA_루나.png","D:\MYGAME\lucky_girls\04_CHARACTERS\14_LUNA\MASTER\REPRESENTATIVE\14_LUNA_루나.png","6717F1B3388FBC3C1118E764ACE2AA27A0F567237231123BABE3C72D3AFD98C5","COPIED"
"15_VIOLA","15_VIOLA_비올라.png","D:\MYGAME\lucky_girls\04_CHARACTERS\15_VIOLA\MASTER\REPRESENTATIVE\15_VIOLA_비올라.png","C697D8F1F97C9E097C487031C3D7DD3B25EA778799B57408612CA5326028251B","COPIED"
"16_CHLOE","16_CHLOE_클로에.png","D:\MYGAME\lucky_girls\04_CHARACTERS\16_CHLOE\MASTER\REPRESENTATIVE\16_CHLOE_클로에.png","58183C9568DC963A69121CDB6CAA928EFE458C868FF15D14622E567175E04295","COPIED"
"17_ADEL","17_ADEL_아델.png","D:\MYGAME\lucky_girls\04_CHARACTERS\17_ADEL\MASTER\REPRESENTATIVE\17_ADEL_아델.png","A80D8D5A9C6667623A012BEC632537DEF60D85EF9615E623B79D44623B34DD1E","COPIED"
"18_NIA","18_NIA_니아.png","D:\MYGAME\lucky_girls\04_CHARACTERS\18_NIA\MASTER\REPRESENTATIVE\18_NIA_니아.png","C35ACA0D6539962D9AFE3ACD627332658D381D9EC9555211618239D77D1EF735","COPIED"
"19_AURORA","19_AURORA_오로라.png","D:\MYGAME\lucky_girls\04_CHARACTERS\19_AURORA\MASTER\REPRESENTATIVE\19_AURORA_오로라.png","61C653A3FB7E00442E4E151492B24FEC5AD25892FA846A39AAF23B89CF9BF2D8","COPIED"
"20_EVE","20_EVE_이브.png","D:\MYGAME\lucky_girls\04_CHARACTERS\20_EVE\MASTER\REPRESENTATIVE\20_EVE_이브.png","189E21BE273B5F94A000B87D427FAE35EA3D2C4EF128586B7DF53D336E8BE970","COPIED"
